{
  "exp_id": "inference_20251125_040804",
  "commit": "cc2e32a6",
  "config": {
    "model": {
      "name": "bart-base",
      "arch": "encdec",
      "pretrained": "facebook/bart-base",
      "dtype": "fp16",
      "attn_impl": "eager",
      "use_lora": false,
      "max_length": 1024
    },
    "bench": {
      "name": "infer_seq2seq",
      "arch": "encdec",
      "max_length": 512,
      "num_tokens": 100,
      "batch_size": 1,
      "num_runs": 5,
      "warmup_runs": 2
    }
  },
  "metrics": {
    "ttft_ms": 13.466386795043945,
    "ttft_std_ms": 4.775327151522869,
    "encoder_latency_ms": 5.43736457824707,
    "encoder_std_ms": 0.09073527661682888,
    "throughput_tokens_per_sec": 119.26905043150994,
    "throughput_std": 7.427837614482747,
    "e2e_latency_ms": 87.18811988830566,
    "e2e_std_ms": 24.575167575820043,
    "total_runs": 25,
    "inference_energy_per_sample_joules": 28.858069556872053,
    "avg_power_watts": 226.8166666666667,
    "tbt_ms": 7.63877610933213,
    "tbt_std_ms": 0.2168357849134978,
    "first_token_latency_ms": 13.466386795043945,
    "latency_std_ms": 4.775327151522869,
    "max_memory_gb": 0.28179502487182617,
    "current_memory_gb": 0.27686357498168945
  },
  "timing": {
    "start_time": 1764065284.0587053,
    "end_time": 1764065297.624575,
    "duration_seconds": 13.565869569778442
  },
  "resources": {
    "gpu_name": "Tesla V100-SXM2-32GB",
    "max_memory_gb": 0.28179502487182617,
    "cuda_version": "12.8"
  },
  "power": {
    "avg_watt": 226.8166666666667,
    "kwh": 0.00020040326081161147,
    "duration_seconds": 3.1807703971862793
  },
  "timestamp": 1764065297.6269033
}