{
  "exp_id": "inference_20251125_015202",
  "commit": "cc2e32a6",
  "config": {
    "model": {
      "name": "gpt2",
      "arch": "decoder",
      "pretrained": "gpt2",
      "dtype": "fp16",
      "attn_impl": "eager",
      "use_lora": true,
      "max_length": 256
    },
    "bench": {
      "name": "infer_decoder",
      "arch": "decoder",
      "max_length": 512,
      "num_tokens": 100,
      "batch_size": 1,
      "num_runs": 5,
      "warmup_runs": 2
    }
  },
  "metrics": {
    "ttft_ms": 11.334247589111328,
    "ttft_std_ms": 0.16261199493415016,
    "throughput_tokens_per_sec": 84.13398926037029,
    "throughput_std": 2.1880347497155146,
    "e2e_latency_ms": 1189.4420433044434,
    "e2e_std_ms": 34.53096138851074,
    "total_runs": 25,
    "inference_energy_per_sample_joules": 238.99519439435346,
    "avg_power_watts": 197.84392857142856,
    "tbt_ms": 11.443474220507072,
    "tbt_std_ms": 0.3504143072715668,
    "first_token_latency_ms": 11.334247589111328,
    "latency_std_ms": 0.16261199493415016,
    "max_memory_gb": 0.2785067558288574,
    "current_memory_gb": 0.2584104537963867
  },
  "timing": {
    "start_time": 1764057122.041359,
    "end_time": 1764057159.576635,
    "duration_seconds": 37.53527593612671
  },
  "resources": {
    "gpu_name": "Tesla V100-SXM2-32GB",
    "max_memory_gb": 0.2785067558288574,
    "cuda_version": "12.8"
  },
  "power": {
    "avg_watt": 197.84392857142856,
    "kwh": 0.001659688849960788,
    "duration_seconds": 30.199965715408325
  },
  "timestamp": 1764057159.5801756
}