{
  "exp_id": "inference_20251125_035704",
  "commit": "cc2e32a6",
  "config": {
    "model": {
      "name": "llama-3.2-3b",
      "arch": "decoder",
      "pretrained": "meta-llama/Llama-3.2-3B",
      "dtype": "fp16",
      "attn_impl": "sdpa",
      "use_lora": false,
      "max_length": 4096
    },
    "bench": {
      "name": "infer_decoder",
      "arch": "decoder",
      "max_length": 512,
      "num_tokens": 100,
      "batch_size": 1,
      "num_runs": 5,
      "warmup_runs": 2
    }
  },
  "metrics": {
    "ttft_ms": 33.92892837524414,
    "ttft_std_ms": 3.7946137425955424,
    "throughput_tokens_per_sec": 28.347648311600476,
    "throughput_std": 2.093722711968712,
    "e2e_latency_ms": 3550.3679847717285,
    "e2e_std_ms": 320.97243569663243,
    "total_runs": 25,
    "inference_energy_per_sample_joules": 1161.7506548512588,
    "avg_power_watts": 325.26380952380936,
    "tbt_ms": 33.27326504871099,
    "tbt_std_ms": 3.231197787506952,
    "first_token_latency_ms": 33.92892837524414,
    "latency_std_ms": 3.7946137425955424,
    "max_memory_gb": 6.044620513916016,
    "current_memory_gb": 5.992636203765869
  },
  "timing": {
    "start_time": 1764064624.5737677,
    "end_time": 1764064778.450589,
    "duration_seconds": 153.87682127952576
  },
  "resources": {
    "gpu_name": "Tesla V100-SXM2-32GB",
    "max_memory_gb": 6.044620513916016,
    "cuda_version": "12.8"
  },
  "power": {
    "avg_watt": 325.26380952380936,
    "kwh": 0.00806771288091152,
    "duration_seconds": 89.2929539680481
  },
  "timestamp": 1764064778.45339
}