{
  "exp_id": "inference_20251125_024708",
  "commit": "cc2e32a6",
  "config": {
    "model": {
      "name": "qwen2.5-1.5b",
      "arch": "decoder",
      "pretrained": "Qwen/Qwen2.5-1.5B",
      "dtype": "fp16",
      "attn_impl": "sdpa",
      "use_lora": false,
      "max_length": 4096
    },
    "bench": {
      "name": "infer_decoder",
      "arch": "decoder",
      "max_length": 512,
      "num_tokens": 100,
      "batch_size": 1,
      "num_runs": 5,
      "warmup_runs": 2
    }
  },
  "metrics": {
    "ttft_ms": 42.74099349975586,
    "ttft_std_ms": 0.9290615387857853,
    "throughput_tokens_per_sec": 22.92623057524049,
    "throughput_std": 0.10794599266851121,
    "e2e_latency_ms": 4196.659717559814,
    "e2e_std_ms": 344.618911346974,
    "total_runs": 25,
    "inference_energy_per_sample_joules": 1002.865854686743,
    "avg_power_watts": 237.53717171717176,
    "tbt_ms": 42.45570530193021,
    "tbt_std_ms": 0.1895227436970261,
    "first_token_latency_ms": 42.74099349975586,
    "latency_std_ms": 0.9290615387857853,
    "max_memory_gb": 2.94671630859375,
    "current_memory_gb": 2.885158061981201
  },
  "timing": {
    "start_time": 1764060428.9495645,
    "end_time": 1764060572.8369067,
    "duration_seconds": 143.88734221458435
  },
  "resources": {
    "gpu_name": "Tesla V100-SXM2-32GB",
    "max_memory_gb": 2.94671630859375,
    "cuda_version": "12.8"
  },
  "power": {
    "avg_watt": 237.53717171717176,
    "kwh": 0.006964346213102382,
    "duration_seconds": 105.54830718040466
  },
  "timestamp": 1764060572.8416283
}