{
  "exp_id": "inference_20251125_041057",
  "commit": "cc2e32a6",
  "config": {
    "model": {
      "name": "t5-base",
      "arch": "encdec",
      "pretrained": "t5-base",
      "dtype": "fp16",
      "attn_impl": "eager",
      "use_lora": true,
      "max_length": 256
    },
    "bench": {
      "name": "infer_seq2seq",
      "arch": "encdec",
      "max_length": 512,
      "num_tokens": 100,
      "batch_size": 1,
      "num_runs": 5,
      "warmup_runs": 2
    }
  },
  "metrics": {
    "ttft_ms": 26.49007797241211,
    "ttft_std_ms": 0.3309218964675104,
    "encoder_latency_ms": 10.319032669067383,
    "encoder_std_ms": 0.08841661955138451,
    "throughput_tokens_per_sec": 53.20500693044707,
    "throughput_std": 5.080493205495619,
    "e2e_latency_ms": 317.9522705078125,
    "e2e_std_ms": 252.70624655731356,
    "total_runs": 25,
    "inference_energy_per_sample_joules": 76.81167560340167,
    "avg_power_watts": 225.14125,
    "tbt_ms": 17.09322664712529,
    "tbt_std_ms": 0.6612530008256354,
    "first_token_latency_ms": 26.49007797241211,
    "latency_std_ms": 0.3309218964675104,
    "max_memory_gb": 0.5552840232849121,
    "current_memory_gb": 0.5500173568725586
  },
  "timing": {
    "start_time": 1764065457.0188947,
    "end_time": 1764065468.7474735,
    "duration_seconds": 11.728578805923462
  },
  "resources": {
    "gpu_name": "Tesla V100-SXM2-32GB",
    "max_memory_gb": 0.5552840232849121,
    "cuda_version": "12.8"
  },
  "power": {
    "avg_watt": 225.14125,
    "kwh": 0.0005334144139125116,
    "duration_seconds": 8.529276132583618
  },
  "timestamp": 1764065468.7505636
}