{
  "exp_id": "inference_20251125_041521",
  "commit": "cc2e32a6",
  "config": {
    "model": {
      "name": "t5-large",
      "arch": "encdec",
      "pretrained": "t5-large",
      "dtype": "fp16",
      "attn_impl": "eager",
      "use_lora": false,
      "max_length": 512
    },
    "bench": {
      "name": "infer_seq2seq",
      "arch": "encdec",
      "max_length": 512,
      "num_tokens": 100,
      "batch_size": 1,
      "num_runs": 5,
      "warmup_runs": 2
    }
  },
  "metrics": {
    "ttft_ms": 50.457210540771484,
    "ttft_std_ms": 0.5672220657786596,
    "encoder_latency_ms": 19.91520881652832,
    "encoder_std_ms": 0.5140698047922594,
    "throughput_tokens_per_sec": 27.84175197788793,
    "throughput_std": 1.716183750389658,
    "e2e_latency_ms": 781.9341850280762,
    "e2e_std_ms": 1259.8930129222429,
    "total_runs": 25,
    "inference_energy_per_sample_joules": 170.07670344922914,
    "avg_power_watts": 209.29421052631574,
    "tbt_ms": 32.476290765434804,
    "tbt_std_ms": 0.7264587880887812,
    "first_token_latency_ms": 50.457210540771484,
    "latency_std_ms": 0.5672220657786596,
    "max_memory_gb": 1.7692737579345703,
    "current_memory_gb": 1.756948471069336
  },
  "timing": {
    "start_time": 1764065721.7653558,
    "end_time": 1764065762.6610186,
    "duration_seconds": 40.895662784576416
  },
  "resources": {
    "gpu_name": "Tesla V100-SXM2-32GB",
    "max_memory_gb": 1.7692737579345703,
    "cuda_version": "12.8"
  },
  "power": {
    "avg_watt": 209.29421052631574,
    "kwh": 0.0011810882183974248,
    "duration_seconds": 20.315505027770996
  },
  "timestamp": 1764065762.6679041
}